{"cameraMode":{"drawMode":0,"name":"Shaded","section":"Shading Mode"},"sceneLighting":true,"audioPlay":false,"sceneViewState":{"showFog":true,"showMaterialUpdate":false,"showSkybox":true,"showFlares":true,"showImageEffects":true,"showParticleSystems":true,"showVisualEffectGraphs":true,"m_FxEnabled":true},"in2DMode":false,"pivot":{"x":-0.25655633211135867,"y":1.9374125003814698,"z":-24.828205108642579},"rotation":{"x":0.003877786686643958,"y":0.985907793045044,"z":-0.1656968891620636,"w":0.023076066747307779},"size":2.794348955154419,"orthographic":false}