{"cameraMode":{"drawMode":0,"name":"Shaded","section":"Shading Mode"},"sceneLighting":true,"audioPlay":false,"sceneViewState":{"showFog":true,"showMaterialUpdate":false,"showSkybox":true,"showFlares":true,"showImageEffects":true,"showParticleSystems":true,"showVisualEffectGraphs":true,"m_FxEnabled":true},"in2DMode":false,"pivot":{"x":-6.686550140380859,"y":30.155277252197267,"z":-15.820449829101563},"rotation":{"x":-0.1363195776939392,"y":0.030306680127978326,"z":-0.004172390326857567,"w":-0.9901925921440125},"size":34.49635314941406,"orthographic":false}