{"cameraMode":{"drawMode":0,"name":"Shaded","section":"Shading Mode"},"sceneLighting":true,"audioPlay":false,"sceneViewState":{"showFog":true,"showMaterialUpdate":false,"showSkybox":true,"showFlares":true,"showImageEffects":true,"showParticleSystems":true,"showVisualEffectGraphs":true,"m_FxEnabled":true},"in2DMode":false,"pivot":{"x":1.1619999408721924,"y":0.949999988079071,"z":-24.729999542236329},"rotation":{"x":-0.16898688673973084,"y":0.009459022432565689,"z":-0.0016219898825511337,"w":-0.9855710864067078},"size":1.4755909442901612,"orthographic":false}