{"cameraMode":{"drawMode":0,"name":"Shaded","section":"Shading Mode"},"sceneLighting":true,"audioPlay":false,"sceneViewState":{"showFog":true,"showMaterialUpdate":false,"showSkybox":true,"showFlares":true,"showImageEffects":true,"showParticleSystems":true,"showVisualEffectGraphs":true,"m_FxEnabled":true},"in2DMode":false,"pivot":{"x":1.1662828922271729,"y":1.6315804719924927,"z":-24.514766693115236},"rotation":{"x":0.19349050521850587,"y":-0.05236123874783516,"z":0.010341962799429894,"w":0.9796498417854309},"size":1.239608883857727,"orthographic":false}