{"cameraMode":{"drawMode":0,"name":"Shaded","section":"Shading Mode"},"sceneLighting":true,"audioPlay":false,"sceneViewState":{"showFog":true,"showMaterialUpdate":false,"showSkybox":true,"showFlares":true,"showImageEffects":true,"showParticleSystems":true,"showVisualEffectGraphs":true,"m_FxEnabled":true},"in2DMode":false,"pivot":{"x":0.49883538484573367,"y":-5.196988105773926,"z":-6.889707565307617},"rotation":{"x":-0.22483156621456147,"y":0.018120121210813524,"z":-0.0041818683966994289,"w":-0.9742221832275391},"size":13.362317085266114,"orthographic":false}