{"cameraMode":{"drawMode":0,"name":"Shaded","section":"Shading Mode"},"sceneLighting":true,"audioPlay":false,"sceneViewState":{"showFog":true,"showMaterialUpdate":false,"showSkybox":true,"showFlares":true,"showImageEffects":true,"showParticleSystems":true,"showVisualEffectGraphs":true,"m_FxEnabled":true},"in2DMode":false,"pivot":{"x":0.8137538433074951,"y":-6.567523002624512,"z":-7.5464372634887699},"rotation":{"x":-0.22483156621456147,"y":0.018120121210813524,"z":-0.0041818683966994289,"w":-0.9742221832275391},"size":12.30518627166748,"orthographic":false}